{
  "project_info": {
    "project_number": "275247438214",
    "firebase_url": "https://student-portal-b7501-default-rtdb.firebaseio.com",
    "project_id": "student-portal-b7501",
    "storage_bucket": "student-portal-b7501.appspot.com"
  },
  "client": [
    {
      "client_info": {
        "mobilesdk_app_id": "1:275247438214:android:a4d41db5d6e97aa6a3f407",
        "android_client_info": {
          "package_name": "com.example.signuplogin"
        }
      },
      "oauth_client": [],
      "api_key": [
        {
          "current_key": "AIzaSyBZupbMOjKVrQBteqUTZs3nNGvm0qL9Ji8"
        }
      ],
      "services": {
        "appinvite_service": {
          "other_platform_oauth_client": []
        }
      }
    }
  ],
  "configuration_version": "1"
}